,avg_star
1,4.2
2,4.4
3,3.6
4,4.3
5,4.3
6,3.9
7,4.4
8,3.8
9,4.3
10,4.2
11,4.2
12,4.3
13,4.3
14,4.2
15,4.4
16,4.3
17,4.2
18,4.3
19,3.9
20,3.6
21,3
22,3
23,4.2
24,4.4
25,4.2
26,3.2
27,4.4
28,3.9
29,4.5
30,4.4
31,4.4
32,4.4
33,4.7
34,3.2
35,4.3
36,4.2
37,3.3
38,5
39,4.3
40,4.3
41,4.3
42,4.3
43,4.3
44,4.3
45,4.2
46,4.1
47,4.2
48,3.3
49,3.6
50,3.7
51,4.3
52,4.2
53,4.4
54,4.3
55,4.3
56,4.4
57,4.2
58,4.1
59,3.3
60,4.3
61,4.2
62,4.3
63,3
64,3.3
65,4.3
66,3.6
67,4.4
68,4.3
69,4.4
70,4.4
71,4.3
72,4.4
73,4.8
74,4.4
75,4.5
76,4.4
77,4.1
78,4.4
79,4.3
80,4.4
81,4.2
82,4.2
83,4.4
84,4.2
85,3.3
86,3.7
87,4.4
88,4.4
89,4.1
90,4.3
91,4.2
92,4.3
93,4.4
94,4.3
95,3
96,4.3
97,3.9
98,4.3
99,4.4
100,3.6
101,4.1
102,4.2
103,3
104,4.6
105,3
106,4.3
107,4.6
108,4.5
109,3.6
110,4.1
111,4.3
112,4.2
113,4.3
114,4.4
115,4.6
116,4.6
117,4.2
118,3
119,3.3
120,3
121,3.8
122,4.3
123,3.2
124,4.3
125,4.4
126,4.4
127,3.6
128,4.3
129,4.4
130,3.9
131,4.6
132,4.4
133,4.2
134,4.4
135,3.9
136,4.4
137,3
138,4.3
139,4.2
140,4.4
141,4.3
142,4.2
143,3.9
144,4.2
145,4.3
146,4.4
147,4.4
148,4.4
149,4.4
150,4.3
151,3.9
152,3.3
153,4.2
154,4.4
155,4.2
156,4.3
157,4.2
158,4.2
159,3.6
160,4.3
161,4.3
162,3.9
163,4.4
164,3.3
165,4.3
166,4.3
167,4.4
168,3
169,4.6
170,4
171,4.4
172,4.3
173,4.5
174,4.4
175,4.3
176,4.2
177,4.4
178,3.3
179,4.4
180,4.2
181,4.3
182,4.4
183,3.9
184,3
185,4.3
186,4.3
187,4
188,3
189,4.5
190,4.3
191,4.4
192,3
193,4.3
194,4.4
195,4.3
196,4.3
197,3.8
198,4.4
199,4.3
200,3.8
201,3.6
202,4.4
203,4.4
204,4.4
205,3.6
206,4.4
207,4.4
208,4.4
209,3.6
210,3
211,4.3
212,4.3
213,4.3
214,3.9
215,4.2
216,3.6
217,4.2
218,3.2
219,4.4
220,4.4
221,3.3
222,4
223,4.4
224,4.3
225,4.5
226,4.4
227,3.6
228,4.3
229,4.3
230,3.9
231,4.2
232,4.3
233,4.2
234,4.4
235,3.3
236,4.3
237,4.6
238,3.8
239,4.3
240,4.4
241,4.3
242,4.3
243,4.3
244,4.2
245,4.6
246,4.3
247,4.4
248,4.3
249,4.4
250,3.3
251,4.2
252,4.3
253,4.3
254,4.4
255,4.4
256,4.4
257,3.9
258,4.3
259,4.3
260,4.4
261,4.2
262,4.3
263,4.4
264,4.3
265,4.4
266,4.3
267,3.8
268,4.2
269,3.3
270,4.3
271,4.3
272,3.6
273,3
274,3.9
275,4.3
276,4.1
277,4.4
278,4.2
279,4.3
280,3.3
281,4.2
282,3.2
283,4.7
284,4.2
285,4.2
286,4.2
287,4.4
288,4.4
289,4.4
290,4.2
291,4.3
292,3
293,4.4
294,4.4
295,4.4
296,4.4
297,4.4
298,3.6
299,4.5
300,4.4
301,3.3
302,4
303,3.6
304,3.2
305,4.5
306,4.3
307,4.4
308,4.2
309,4.2
310,4.3
311,4.2
312,3
313,3
314,3.3
315,4.4
316,4.3
317,4.4
318,4.1
319,3.6
320,3.6
321,4.4
322,4.3
323,4.2
324,4.3
325,4.3
326,4.4
327,4.3
328,4.1
329,4.1
330,4.2
331,4.4
332,4.2
333,3.6
334,4.3
335,4.3
336,4.2
337,4.4
338,4.4
339,4.2
340,4.2
341,3.3
342,4.1
343,3
344,4.4
345,4.3
346,4.3
347,4.3
348,4.2
349,4.1
350,4.3
351,4.4
352,4.4
353,4.3
354,3.7
355,4.8
356,4.1
357,4.5
358,4.5
359,4.3
360,4.4
361,4.3
362,3.9
363,4.3
364,4.6
365,3.3
366,4.4
367,4.3
368,4.3
369,3.6
370,4.4
371,4.3
372,4.4
373,4.4
374,4.2
375,4.2
376,4.3
377,4.5
378,4.3
379,4.4
380,4.3
381,3.3
382,4.4
383,4.3
384,4.2
385,4.3
386,3.9
387,4.4
388,4.4
389,4.4
390,3.3
391,3.8
392,4.4
393,4.6
394,4.1
395,4.1
396,4.4
397,4.4
398,4.3
399,4.3
400,4.3
401,3.2
402,4.4
403,4.4
404,4.2
405,4.3
406,3.6
407,4.4
408,4.3
409,4.3
410,3.3
411,3.3
412,4.3
413,4.3
414,4.4
415,4.3
416,4.3
417,4.2
418,4.3
419,3.3
420,3.6
421,4.4
422,4.2
423,4.3
424,3
425,3.9
426,3.9
427,4.4
428,4.4
429,4.4
430,4.4
431,3.7
432,4.4
433,3.9
434,4.3
435,4.2
436,4.3
437,4.5
438,4.4
439,3.2
440,4.2
441,4
442,4.4
443,4.2
444,3.3
445,3.6
446,4.6
447,3.9
448,4.2
449,4.4
450,4.4
451,3.2
452,3
453,4.2
454,4.2
455,4.4
456,3.9
457,4.2
458,4.2
459,4.4
460,4.3
461,4.3
462,4.4
463,3.3
464,4.3
465,4.4
466,4.3
467,3.9
468,4.4
469,4.3
470,4.4
471,4.3
472,4.4
473,3.3
474,4.3
475,3.9
476,4.3
477,4.4
478,4.4
479,4.4
480,4.4
481,3.3
482,3.7
483,4.2
484,4.4
485,3.2
486,3.9
487,4.5
488,4.3
489,4.4
490,4.3
491,4.6
492,4.5
493,4.4
494,3.9
495,3
496,4.3
497,4.2
498,4.4
499,4.3
500,4.4
501,4.3
502,4.4
503,4.4
504,3.9
505,4.1
506,4.4
507,3
508,3.9
509,4.2
510,4.4
511,4.4
512,4.4
513,4.2
514,4.4
515,3.9
516,4.3
517,4.1
518,3.6
519,4.3
520,4.2
521,4.4
522,4.3
523,4.3
524,4.3
525,4.1
526,4.3
527,4.3
528,3.6
529,4.2
530,4.4
531,3.3
532,3
533,3
534,4.4
535,3.9
536,4.3
537,3.6
538,3.9
539,4.3
540,4.1
541,4.4
542,4.3
543,4.3
544,3.8
545,4.3
546,3.9
547,4.2
548,3
549,4.2
550,4.3
551,4.4
552,3.9
553,4.3
554,4.4
555,4.3
556,4.4
557,4.3
558,3.7
559,4.5
560,4.3
561,3.8
562,4.5
563,3.6
564,4.4
565,4.3
566,3.9
567,4.3
568,4.3
569,4.4
570,4.4
571,4.3
572,4.4
573,4.4
574,4.2
575,4.4
576,4.4
577,3
578,4.4
579,4.4
580,4.4
581,4.2
582,4.1
583,3.9
584,4.4
585,4.2
586,4.4
587,4.6
588,3.6
589,4.4
590,3.9
591,4.4
592,3.9
593,4.3
594,3.9
595,4.3
596,4.3
597,4.4
598,4.3
599,4.3
600,4.2
601,4.2
602,4.3
603,4.3
604,4.2
605,3.6
606,4.4
607,4.8
608,3
609,4.4
610,4.4
611,4.3
612,3
613,4.4
614,4.4
615,3.3
616,4.4
617,4.4
618,4.4
619,4.2
620,4.2
621,4.2
622,4.3
623,4.2
624,4.1
625,4.3
626,3.8
627,4.3
628,4.4
629,3.6
630,3.2
631,4.2
632,4.4
633,4.2
634,3.3
635,4.4
636,4.3
637,4.4
638,4.4
639,3.2
640,4.3
641,4.6
642,4.3
643,3.6
644,4.6
645,3.3
646,3.8
647,4.4
648,3.9
649,4.3
650,4.1
651,4.4
652,3.6
653,4.4
654,4.3
655,4.3
656,4.3
657,4.4
658,4.4
659,4.3
660,4.4
661,4.4
662,4.3
663,4.4
664,4.2
665,4.2
666,4.2
667,3.2
668,4.2
669,4.1
670,4.4
671,4.2
672,4.2
673,4.2
674,4.3
675,4.4
676,4.2
677,4.3
678,4.6
679,4.3
680,4.4
681,4.3
682,4.2
683,4.4
684,3.9
685,4.4
686,4.3
687,4.4
688,4.4
689,3
690,3.3
691,4.4
692,4.1
693,4.2
694,3.3
695,4
696,4.2
697,4.3
698,4.4
699,4.5
700,4.4
701,4.3
702,4.2
703,4.4
704,4.4
705,4.3
706,4.4
707,3.8
708,4
709,4.6
710,4.3
711,4.4
712,4.3
713,4.4
714,4.4
715,4.4
716,3.3
717,4.6
718,4.4
719,4.4
720,4.4
721,4.3
722,4.4
723,4.4
724,4.1
725,4.6
726,3.6
727,4.2
728,4.2
729,4.3
730,4.3
731,3.3
732,4.3
733,4.2
734,3.3
735,4.2
736,4.3
737,4.3
738,4.4
739,4.4
740,4.5
741,4.2
742,4.2
743,4.2
744,4.3
745,4.4
746,4.4
747,4.4
748,3.9
749,4.3
750,4.2
751,4.3
752,4.2
753,3.2
754,4.3
755,4.3
756,4.3
757,4.3
758,4.3
759,4.4
760,4.4
761,4.4
762,4.3
763,4.3
764,4.3
765,3
766,4.4
767,4.5
768,4.2
769,4.2
770,4.3
771,4.6
772,4.4
773,4.4
774,4.6
775,4.4
776,4.4
777,3.9
778,4.4
779,3
780,4.3
781,4.3
782,4.2
783,4.3
784,4.1
785,4.3
786,4.4
787,3
788,4.4
789,4.4
790,4.4
791,4.2
792,4.4
793,3.8
794,4.2
795,3.3
796,4.2
797,3.3
798,3
799,3.2
800,4.6
801,4.3
802,3.2
803,4.3
804,4.3
805,4.4
806,3.3
807,4.4
808,4.4
809,4.3
810,4.3
811,4.4
812,4.3
813,4.4
814,4.4
815,4.4
816,4.3
817,4.3
818,3
819,4.1
820,4.4
821,4.2
822,4.2
823,4.1
824,4.4
825,4.4
826,4.3
827,4.3
828,4.5
829,3.3
830,3.8
831,4.4
832,4.4
833,4.1
834,4.2
835,4.3
836,4.4
837,3.6
838,3
839,4.4
840,4.4
841,4.6
842,4.3
843,3.8
844,4.3
845,3
846,3.6
847,4.3
848,3.5
849,4.3
850,4.5
851,3.3
852,4.2
853,4.3
854,4.3
855,3.3
856,4.4
857,3.9
858,4.2
859,4.2
860,3
861,4.2
862,4.4
863,3.8
864,4.4
865,4.4
866,4.4
867,3.9
868,3.9
869,4.1
870,4.3
871,4.4
872,4.1
873,3.3
874,4.4
875,3.3
876,4.4
877,4.3
878,3.6
879,4.2
880,4.3
881,4.1
882,4.3
883,4.6
884,4.2
885,3
886,4.4
887,4.5
888,4.3
889,4.4
890,3.9
891,4.3
892,4.3
893,4.2
894,4.4
895,3
896,4.2
897,4.4
898,4.3
899,3.6
900,3.8
901,4.3
902,4.3
903,4.4
904,4.4
905,3.6
906,4.6
907,4.4
908,4.6
909,4.4
910,4.3
911,4.4
912,4.4
913,4.4
914,4.3
915,4.3
916,4.3
917,4.5
918,4.3
919,4.4
920,4.4
921,4.6
922,4.3
923,4.3
924,4.3
925,4.6
926,4.3
927,4.4
928,3.2
929,4.4
930,4.4
931,4.3
932,4.1
933,4.3
934,4.2
935,4.2
936,4.1
937,4.3
938,4.4
939,4.4
940,4.3
941,4.3
942,4.2
943,4.3
944,4.3
945,4.4
946,3.7
947,4.4
948,3.3
949,4.4
950,3
951,3
952,4.3
953,4.4
954,4.1
955,3.9
956,4.4
957,4.3
958,3
959,4.3
960,4.4
961,4.4
962,3.8
963,4.3
964,4.3
965,3.3
966,4.3
967,3.9
968,4.3
969,4.2
970,4.6
971,4.4
972,4.3
973,3.8
974,3.3
975,4.3
976,4.3
977,4.2
978,4.3
979,3.9
980,4.8
981,3
982,3.2
983,4.3
984,4
985,3.3
986,4.2
987,4.3
988,4.2
989,4.4
990,4.3
991,3.2
992,4.2
993,3.9
994,4.4
995,4.4
996,4.4
997,4.2
998,4.4
999,4.3
1000,4.3
1001,4.2
1002,4.3
1003,4.2
1004,3.6
1005,4.3
1006,4.4
1007,3.9
1008,4.4
1009,4.4
1010,3
1011,4.4
1012,3.3
1013,4.3
1014,4.3
1015,4.4
1016,3
1017,4.2
1018,4.4
1019,4.2
1020,4.7
1021,3.9
1022,3.6
1023,4.4
1024,4.2
1025,4.4
1026,4.4
1027,4.4
1028,3
1029,3.6
1030,3.3
1031,4.4
1032,4.4
1033,4.3
1034,3
1035,4.4
1036,3
1037,4.3
1038,4.2
1039,3.3
1040,4.4
1041,4.3
1042,4.4
1043,3
1044,4.3
1045,4.3
1046,4.2
1047,4.4
1048,4.4
1049,4.3
1050,4.2
1051,4.2
1052,4.1
1053,3.3
1054,4.3
1055,4.3
1056,3.3
1057,4.3
1058,3.8
1059,4.4
1060,3.3
1061,4.3
1062,4.5
1063,4.4
1064,3
1065,4.4
1066,4.3
1067,4.2
1068,4.2
1069,4.4
1070,4.3
1071,4.3
1072,4.4
1073,4.3
1074,4.4
1075,4.2
1076,4.4
1077,3.9
1078,3.3
1079,4
1080,4.4
1081,3.6
1082,3.3
1083,4.2
1084,4.3
1085,4.4
1086,3.6
1087,4.3
1088,4.2
1089,3.2
1090,4.1
1091,4.4
1092,4.4
1093,4.4
1094,3
1095,4.4
1096,3.8
1097,4.4
1098,4.3
1099,4.1
1100,4.3
1101,4.4
1102,4.4
1103,4.2
1104,4.4
1105,3.3
1106,4.3
1107,4.4
1108,4.4
1109,4.3
1110,4.3
1111,4.3
1112,4.3
1113,4.4
1114,4.3
1115,3.3
1116,4.4
1117,4.6
1118,4.2
1119,4.2
1120,4.3
1121,4.4
1122,4.4
1123,3.6
1124,4.3
1125,4.3
1126,3
1127,4.2
1128,4.6
1129,4.3
1130,4.2
1131,4.3
1132,4.2
1133,4.4
1134,4.2
1135,3.6
1136,4.4
1137,4.4
1138,4.4
1139,4.2
1140,4.4
1141,3.3
1142,3
1143,4
1144,4.7
1145,3
1146,4.4
1147,4.2
1148,4.1
1149,3.7
1150,4.3
1151,4.2
1152,4.3
1153,4.3
1154,4.2
1155,4.4
1156,3.9
1157,3.9
1158,4.4
1159,4.3
1160,4.3
1161,4.3
1162,3.2
1163,4.3
1164,4.3
1165,4.3
1166,4.2
1167,3.3
1168,4.4
1169,4.3
1170,4.1
1171,4.3
1172,4.3
1173,4.3
1174,4.2
1175,4.3
1176,4.4
1177,4.2
1178,4.4
1179,3.3
1180,4.4
1181,4.4
1182,4.4
1183,3.3
1184,4.3
1185,3.9
1186,4.6
1187,4.4
1188,4.4
1189,4.1
1190,3.9
1191,4.3
1192,4.4
1193,3.9
1194,4.3
1195,3
1196,4.4
1197,4.3
1198,4.3
1199,4.2
1200,4.4
1201,4.4
1202,4.3
1203,4.4
1204,4.4
1205,4.3
1206,4.4
1207,4.2
1208,3.9
1209,3.6
1210,4.4
1211,4.3
1212,4.4
1213,4.4
1214,4.3
1215,4.3
1216,4.4
1217,4.2
1218,4.3
1219,4.4
1220,4.3
1221,3.9
1222,4.2
1223,4.6
1224,4.4
1225,4.5
1226,3.8
1227,3.9
1228,4.4
1229,4.3
1230,4.2
1231,3.9
1232,4.6
1233,4.3
1234,4.4
1235,4.3
1236,4.2
1237,4.4
1238,3.6
1239,4.5
1240,4.3
1241,4.4
1242,4.4
1243,4.2
1244,4.4
1245,4.3
1246,4
1247,4.2
1248,4.3
1249,4.5
1250,3.3
1251,4.4
1252,3.9
1253,4.3
1254,3.8
1255,4.4
1256,4.3
1257,4.2
1258,3.9
1259,3.6
1260,3
1261,3.9
1262,3.2
1263,4.1
1264,4.2
1265,3
1266,3
1267,3.8
1268,4.4
1269,4.4
1270,4.3
1271,4.2
1272,4.3
1273,4.4
1274,4.3
1275,4.4
1276,4.4
1277,4.3
1278,4.4
1279,4.3
1280,4.3
1281,3.6
1282,3.3
1283,4.2
1284,4.4
1285,4.2
1286,4.4
1287,4.4
1288,4.3
1289,4.3
1290,4.4
1291,3
1292,3.3
1293,4.4
1294,4.3
1295,4.6
1296,4.2
1297,4.4
1298,4.2
1299,4.3
1300,3.2
1301,3
1302,4.2
1303,4.3
1304,4.4
1305,4.2
1306,4.4
1307,4.2
1308,4.3
1309,3.3
1310,4.3
1311,3
1312,4.3
1313,4.2
1314,4.2
1315,4.3
1316,3.8
1317,4.6
1318,4.4
1319,4.4
1320,3.3
1321,4.6
1322,4.3
1323,4.4
1324,4.4
1325,4.3
1326,4.4
1327,3.6
1328,4.4
1329,3.2
1330,4.2
1331,3.3
1332,3.3
1333,4.4
1334,4.3
1335,4.3
1336,4.4
1337,4.3
1338,3.6
1339,3
1340,4.4
1341,4.3
1342,4.4
1343,4.3
1344,3.5
1345,4.3
1346,4.4
1347,4.4
1348,3.9
1349,4.3
1350,4.4
1351,4.3
1352,4.3
1353,3.3
1354,4.3
1355,3.8
1356,4.6
1357,3.6
1358,3.6
1359,3.8
1360,3.2
1361,3.2
1362,3.9
1363,4.3
1364,4.4
1365,3.3
1366,3.9
1367,4.6
1368,3.3
1369,4.3
1370,4.4
1371,3.3
1372,4.3
1373,4.4
1374,4.4
1375,4.1
1376,4.4
1377,4.1
1378,4.2
1379,3.9
1380,4.4
1381,4.3
1382,4.2
1383,4.2
1384,4.4
1385,3.9
1386,4.4
1387,4.3
1388,3.6
1389,4.3
1390,3.3
1391,3
1392,3.6
1393,3.6
1394,4.2
1395,3
1396,4.4
1397,4.3
1398,4.3
1399,4.5
1400,3.6
1401,4.2
1402,4.2
1403,3
1404,4.4
1405,4.2
1406,4.6
1407,3.3
1408,3.3
1409,4.2
1410,3.5
1411,4.3
1412,4.3
1413,4.6
1414,4.4
1415,3.6
1416,3.3
1417,4.4
1418,4.3
1419,4.6
1420,4.3
1421,3.2
1422,4.4
1423,4.4
1424,4
1425,3.8
1426,3.9
1427,4.4
1428,4.3
1429,4.4
1430,4.3
1431,4.2
1432,3
1433,4.3
1434,4.6
1435,4.2
1436,4.2
1437,4.3
1438,4.3
1439,4.4
1440,4.2
1441,4.5
1442,4.4
1443,4.4
1444,4.4
1445,4.3
1446,4.2
1447,3.9
1448,4.4
1449,3.3
1450,3.6
1451,3.9
1452,3.6
1453,4.4
1454,4.3
1455,4.3
1456,4.4
1457,4.4
1458,4.4
1459,4.3
1460,4.3
1461,4.4
1462,3.6
1463,3.9
1464,4.2
1465,3.6
1466,4.4
1467,4.2
1468,4.4
1469,4.5
1470,3.3
1471,4.3
1472,4.1
1473,3.6
1474,4.4
1475,3
1476,3.3
1477,4.4
1478,4.4
1479,4.3
1480,4.3
1481,4.4
1482,4.4
1483,4.4
1484,4.3
1485,3.2
1486,4.3
1487,4.3
1488,4.2
1489,3.3
1490,4.4
1491,4.3
1492,3.9
1493,4.3
1494,4.4
1495,4.1
1496,4.4
1497,3.3
1498,4
1499,3.2
1500,4.4
1501,4.4
1502,4.4
1503,4.4
1504,3
1505,4.3
1506,4.1
1507,4.3
1508,3.9
1509,4.2
1510,4.4
1511,3.6
1512,4.3
1513,4.3
1514,4.3
1515,3.9
1516,4.2
1517,4.4
1518,4.4
1519,4.4
1520,3.8
1521,4.4
1522,4.3
1523,3.3
1524,4.3
1525,4.3
1526,4.3
1527,4.4
1528,4.3
1529,4.3
1530,4.3
1531,4.1
1532,4.1
1533,4.2
1534,4.3
1535,4.3
1536,3.3
1537,3.9
1538,3.7
1539,3.9
1540,4.1
1541,3
1542,3.6
1543,4.3
1544,4.3
1545,3.3
1546,4.3
1547,4.4
1548,4.3
1549,3.6
1550,4.4
1551,4.1
1552,4.2
1553,3.3
1554,4.3
1555,3
1556,4.4
1557,4.4
1558,3.6
1559,4.3
1560,3
1561,4.4
1562,3.8
1563,4.3
1564,3.8
1565,4.6
1566,4.3
1567,4.3
1568,4.4
1569,4.3
1570,4.2
1571,4.3
1572,3.8
1573,4.4
1574,3.9
1575,4.3
1576,3.5
1577,3.8
1578,3
1579,4.4
1580,4.2
1581,3.9
1582,4.3
1583,4.2
1584,3
1585,4.4
1586,4.4
1587,4.4
1588,3.3
1589,4.4
1590,4.5
1591,4.3
1592,4.3
1593,4.2
1594,4.4
1595,4.4
1596,4.1
1597,3.6
1598,4.6
1599,4
1600,4
1601,4.2
1602,3
1603,3.2
1604,4.1
1605,4.4
1606,4.4
1607,4.4
1608,4.3
1609,4.2
1610,4.2
1611,4.2
1612,3
1613,4.3
1614,3.6
1615,4.4
1616,4.5
1617,4.3
1618,4.3
1619,3.2
1620,3
1621,4.3
1622,4.1
1623,4.4
1624,4.2
1625,4.4
1626,4.3
1627,4.3
1628,4.2
1629,3.9
1630,3.2
1631,4.3
1632,3.2
1633,4.6
1634,3.3
1635,4.3
1636,4.2
1637,4.2
1638,4.3
1639,4.1
1640,4.4
1641,4.2
1642,3
1643,3
1644,4.4
1645,4.2
1646,4.3
1647,4.4
1648,4.3
1649,4.2
1650,4.4
1651,4.3
1652,4.3
1653,4.3
1654,4.4
1655,4.3
1656,3
1657,4.3
1658,4.2
1659,4.3
1660,4.3
1661,3.3
1662,4.3
1663,3
1664,4.3
1665,4.4
1666,4.3
1667,4.3
1668,3.6
1669,3.3
1670,4.5
1671,4.5
1672,3.3
1673,3
1674,4.4
1675,4.2
1676,3.3
1677,4.3
1678,3.6
1679,4.4
1680,4.2
1681,4.2
1682,3
1683,4.2
1684,4.2
1685,4.4
1686,4.3
1687,3.3
1688,3.3
1689,4.3
1690,4.2
1691,3.9
1692,3.6
1693,3.9
1694,4.4
1695,4.4
1696,4.2
1697,4.4
1698,4.4
1699,3.8
1700,4.1
1701,3
1702,4.2
1703,3.9
1704,4.3
1705,4.3
1706,4.3
1707,4.2
1708,4.2
1709,4.3
1710,4.4
1711,4.4
1712,4.3
1713,4.3
1714,3.9
1715,4.4
1716,4.3
1717,3.9
1718,4.3
1719,4.4
1720,3.3
1721,3.9
1722,4.3
1723,4.3
1724,4.3
1725,4.3
1726,3
1727,3.6
1728,4.3
1729,3
1730,4.4
1731,3.3
1732,3.9
1733,3
1734,4.4
1735,4.7
1736,4.2
1737,4.2
1738,4.4
1739,4.3
1740,4.3
1741,4.3
1742,4.3
1743,3
1744,4.1
1745,4.4
1746,4.2
1747,4.4
1748,4.4
1749,3.6
1750,4.4
1751,4.3
1752,4.3
1753,4.4
1754,4.4
1755,4.4
1756,4.4
1757,4.6
1758,4.2
1759,4.4
1760,4.3
1761,4.2
1762,4.1
1763,4.4
1764,4.1
1765,4.2
1766,4.3
1767,4.3
1768,4.2
1769,4.4
1770,3.2
1771,4.2
1772,4.4
1773,4.2
1774,3.6
1775,3.3
1776,3
1777,4.3
1778,4.3
1779,3.6
1780,3.3
1781,3
1782,4.3
1783,4.3
1784,4.4
1785,4.4
1786,4.2
1787,3.3
1788,4.2
1789,4.3
1790,4.2
1791,3.3
1792,4.4
1793,4.2
1794,3.3
1795,4.2
1796,4.4
1797,4.1
1798,3.6
1799,4.5
1800,4.3
1801,3.3
1802,3.9
1803,4.4
1804,4.3
1805,3.3
1806,3.6
1807,3.6
1808,3.6
1809,4.3
1810,4.2
1811,3.9
1812,4.7
1813,3.9
1814,4.2
1815,4.3
1816,4.4
1817,4.2
1818,4.3
1819,4.4
1820,4.4
1821,4.4
1822,4.2
1823,4.3
1824,4.4
1825,4.3
1826,4.5
1827,3.9
1828,4.3
1829,4.3
1830,4.4
1831,4.2
1832,4.3
1833,3
1834,4.4
1835,4.2
1836,4.2
1837,3.3
1838,4.2
1839,4.4
1840,4.4
1841,4.2
1842,4.4
1843,4.2
1844,4.4
1845,4.3
1846,4.3
1847,4.3
1848,4.3
1849,4.3
1850,4.3
1851,4.4
1852,4.4
1853,4.4
1854,4.3
1855,4.1
1856,4.4
1857,3.9
1858,4.3
1859,4.3
1860,4.3
1861,4.3
1862,3.9
1863,4.3
1864,4.2
1865,4.2
1866,3.8
1867,4.2
1868,4.2
1869,4.3
1870,4.2
1871,3.2
1872,3.3
1873,4.3
1874,4.3
1875,4.4
1876,4.4
1877,4.4
1878,4.2
1879,3.3
1880,3.9
1881,4.4
1882,3
1883,4.3
1884,3.8
1885,4.4
1886,3.3
1887,4.6
1888,3.8
1889,3.3
1890,4.3
1891,4.2
1892,3.9
1893,4.4
1894,4.4
1895,3.3
1896,4
1897,4.3
1898,4.4
1899,3.6
1900,4.4
1901,4.4
1902,4.2
1903,4.2
1904,4.3
1905,4.3
1906,4.3
1907,4.4
1908,4.2
1909,3.9
1910,4.5
1911,4.3
1912,4.2
1913,4.3
1914,3.2
1915,4.6
1916,4.3
1917,4.2
1918,3.6
1919,4.4
1920,4.4
1921,4.5
1922,3.2
1923,4.4
1924,3.3
1925,4.3
1926,4.2
1927,4.3
1928,4.4
1929,4.4
1930,4.4
1931,4.4
1932,3.6
1933,4.3
1934,4.4
1935,4.4
1936,3.3
1937,3
1938,4.2
1939,4.2
1940,4.4
1941,4.3
1942,3.9
1943,4.3
1944,4.1
1945,4.4
1946,3
1947,4.3
1948,4.1
1949,4.3
1950,4.1
1951,4.4
1952,3.3
1953,4.1
1954,4.5
1955,4.4
1956,4.5
1957,4.4
1958,4.3
1959,4
1960,4.3
1961,4.3
1962,4.3
1963,3.9
1964,4.5
1965,4.4
1966,4.4
1967,4
1968,4.4
1969,4.2
1970,4.4
1971,3.9
1972,3
1973,4.1
1974,4.3
1975,4.4
1976,3.3
1977,4.4
1978,3.8
1979,4.2
1980,4.6
1981,3.9
1982,4.6
1983,4.4
1984,4.3
1985,4.4
1986,4.4
1987,4.3
1988,4.2
1989,4.3
1990,4.4
1991,4.3
1992,4.3
1993,4.4
1994,3
1995,4.2
1996,4.4
1997,3.3
1998,3.2
1999,4.3
2000,4.2
2001,3.9
2002,4.4
2003,4.3
2004,3.9
2005,4.3
2006,3.9
2007,4.3
2008,4.4
2009,4.4
2010,4.4
2011,3.2
2012,4.4
2013,4.3
2014,3.6
2015,4.4
2016,3.9
2017,4.4
2018,4.3
2019,3.3
2020,4.7
2021,3.6
2022,4.3
2023,3.8
2024,4.3
2025,4.3
2026,4.3
2027,4.4
2028,4.2
2029,4.4
2030,3.3
2031,4.4
2032,4.3
2033,4.3
2034,4.1
2035,4.4
2036,3.3
2037,4.1
2038,4.3
2039,3.3
2040,4.3
2041,4.4
2042,4.1
2043,4.4
2044,4.2
2045,4.1
2046,3.9
2047,3.9
2048,4.3
2049,4.3
2050,4.3
2051,4.2
2052,4.3
2053,4.4
2054,4.1
2055,3.6
2056,4.6
2057,4.3
2058,4
2059,4.3
2060,4.3
2061,4.3
2062,4.4
2063,3
2064,3.3
2065,4.3
2066,4.3
2067,4.4
2068,4.4
2069,4.4
2070,4.4
2071,4.3
2072,3.3
2073,3.6
2074,4.3
2075,4.5
2076,4.4
2077,4.2
2078,4.3
2079,4.3
2080,4.4
2081,4.4
2082,4.3
2083,4.3
2084,4.3
2085,3
2086,3.3
2087,4.4
2088,3
2089,4.4
2090,4.4
2091,3.2
2092,4.3
2093,4.4
2094,4.6
2095,4.4
2096,4.1
2097,4.4
2098,4.1
2099,4.4
2100,4.2
2101,4.6
2102,4.2
2103,4.3
2104,4.3
2105,3.6
2106,3.8
2107,4.5
2108,4.2
2109,4.4
2110,4.4
2111,3.3
2112,3.2
2113,4.3
2114,4.3
2115,3.3
2116,4.4
2117,4.4
2118,4.2
2119,4.4
2120,4.4
2121,4.1
2122,4.2
2123,4.3
2124,4.3
2125,3
2126,4.1
2127,4.8
2128,4.4
2129,3.3
2130,4.3
2131,4.3
2132,3.6
2133,4.4
2134,4.4
2135,4.4
2136,4.6
2137,4.4
2138,4.7
2139,4.2
2140,4.2
2141,4.3
2142,4.3
2143,4.4
2144,4.5
2145,4.2
2146,4.2
2147,4.4
2148,4.4
2149,4.3
2150,4.3
2151,4.7
2152,4.4
2153,4.4
2154,4.1
2155,4.4
2156,4.1
2157,4.4
2158,4.4
2159,4.4
2160,4.3
2161,4.2
2162,4.2
2163,3.6
2164,4.4
2165,4.2
2166,4.3
2167,4.2
2168,4.4
2169,4.4
2170,3.3
2171,3.2
2172,4.3
2173,3.8
2174,3.3
2175,4.6
2176,4.1
2177,4.3
2178,4.3
2179,4.6
2180,4.1
2181,4.2
2182,4.6
2183,4.4
2184,4.3
2185,4.3
2186,4.4
2187,4.4
2188,3.6
2189,4.4
2190,3.9
2191,4.4
2192,4.5
2193,3.9
2194,4.3
2195,4.3
2196,4.3
2197,4.7
2198,4.4
2199,4.6
2200,4.4
2201,4.4
2202,3
2203,4.4
2204,4.5
2205,4.4
2206,4.5
2207,4.3
2208,4.4
2209,4.1
2210,4.4
2211,4.4
2212,4.4
2213,4.2
2214,3.9
2215,4.3
2216,4.4
2217,4.3
2218,4.4
2219,4.3
2220,4.3
2221,4.2
2222,4.3
2223,4.2
2224,4.4
2225,3.8
2226,4.4
2227,4.3
2228,4.3
2229,4.3
2230,3.6
2231,4.3
2232,4.4
2233,4.3
2234,4.3
2235,4.4
2236,4.3
2237,4.3
2238,4.3
2239,4.3
2240,4.2
2241,4.4
2242,4.4
2243,4.3
2244,3
2245,3.2
2246,4.4
2247,4.6
2248,3.6
2249,4.4
2250,4.3
2251,3
2252,4.2
2253,4.2
2254,4.1
2255,3.9
2256,4.2
2257,3.2
2258,4.2
2259,3.3
2260,4.3
2261,3.9
2262,4.2
2263,4.3
2264,4.3
2265,4.3
2266,4.3
2267,4.6
2268,3.9
2269,4.1
2270,3.9
2271,4.2
2272,4.4
2273,4.3
2274,4.4
2275,4.5
2276,4.5
2277,4.2
2278,4.2
2279,4.4
2280,4.3
2281,4.4
2282,4.3
2283,4.4
2284,4.3
2285,4.3
2286,4.3
2287,4.3
2288,3.8
2289,3.3
2290,4.1
2291,4.3
2292,3.9
2293,4.4
2294,4.3
2295,4.4
2296,4.3
2297,4.3
2298,3.2
2299,3.3
2300,4.3
2301,4.6
2302,4.4
2303,4.2
2304,4.3
2305,4.2
2306,3.9
2307,4.2
2308,4.6
2309,4.2
2310,3.6
2311,4.4
2312,4.4
2313,4.2
2314,3
2315,4
2316,4.4
2317,4.3
2318,4.3
2319,4.4
2320,4.4
2321,4.5
2322,4.3
2323,4.2
2324,4.6
2325,4.4
2326,4.4
2327,3.7
2328,3.3
2329,4.2
2330,4.4
2331,4.3
2332,4.4
2333,4.3
2334,3.2
2335,3.9
2336,3.3
2337,3.6
2338,4.3
2339,4.3
2340,4.4
2341,3.9
2342,4.3
2343,4.3
2344,4.4
2345,4.3
2346,4.4
2347,4.3
2348,4.3
2349,4.4
2350,3.3
2351,4.2
2352,4.2
2353,3
2354,4.4
2355,4.4
2356,3.6
2357,4.3
2358,3
2359,4.2
2360,4.4
2361,4.3
2362,4.4
2363,4.4
2364,4.2
2365,4.4
2366,3.3
2367,4.3
2368,4.4
2369,4.3
2370,4.3
2371,4.6
2372,3
2373,4.4
2374,4.4
2375,4.4
2376,4.4
2377,4.3
2378,4.4
2379,4.4
2380,4.3
2381,4.3
2382,4.4
2383,3.2
2384,4.4
2385,4.1
2386,4.3
2387,4.6
2388,4.3
2389,4.4
2390,4.2
2391,4.4
2392,4.4
2393,4.3
2394,4.2
2395,4.4
2396,4.3
2397,4.3
2398,4.3
2399,4.3
2400,4.4
2401,4.3
2402,4.4
2403,4.4
2404,4.3
2405,4.4
2406,3.9
2407,4.6
2408,3.9
2409,4.3
2410,3.8
2411,4.7
2412,4.3
2413,4.3
2414,4.1
2415,4.3
2416,4.3
2417,3.3
2418,4.2
2419,4.3
2420,4.4
2421,4.6
2422,4.3
2423,4.6
2424,4.3
2425,3.3
2426,4.4
2427,4.2
2428,4.4
2429,4.3
2430,4.4
2431,4.2
2432,4.3
2433,3
2434,4.4
2435,4.3
2436,3.6
2437,4.3
2438,4.3
2439,4.2
2440,4.4
2441,3.6
2442,3.6
2443,4.4
2444,3.3
2445,4.4
2446,3.3
2447,4.4
2448,3
2449,3
2450,4.3
2451,4.3
2452,4.2
2453,3.7
2454,4.1
2455,4.4
2456,3.8
2457,3
2458,4.4
2459,4.4
2460,4.6
2461,4.3
2462,4.4
2463,4.2
2464,4.3
2465,4.2
2466,4.4
2467,4.2
2468,3.9
2469,4.3
2470,4.3
2471,4.2
2472,4.4
2473,4.2
2474,4.6
2475,4.4
2476,4.3
2477,4.3
2478,4.2
2479,4.3
2480,3.9
2481,4.4
2482,4.3
2483,4.3
2484,3
2485,4.4
2486,4.3
2487,4.4
2488,4.4
2489,4
2490,4.3
2491,4.3
2492,3.3
2493,4.4
2494,4.3
2495,4.2
2496,3.9
2497,4.3
2498,4.3
2499,4.5
2500,4.1
2501,3.3
2502,3.3
2503,4.3
2504,3.6
2505,4.4
2506,4.3
2507,4.3
2508,4.4
2509,4.4
2510,4.4
2511,4.4
2512,4.3
2513,4.4
2514,4.4
2515,4.4
2516,3.3
2517,4.4
2518,4.4
2519,4.3
2520,3.8
2521,4.4
2522,4.3
2523,4.7
2524,4.4
2525,4.3
2526,4.3
2527,4.4
2528,4.4
2529,4.2
2530,4.3
2531,3
2532,4.3
2533,3.9
2534,4.4
2535,3.9
2536,4.1
2537,4.6
2538,4.2
2539,4.3
2540,4.4
2541,4.2
2542,3.5
2543,3.3
2544,4.4
2545,4.4
2546,3.3
2547,4.2
2548,4.4
2549,4.2
2550,3.6
2551,4.4
2552,4.2
2553,4.3
2554,4
2555,4.3
2556,4.4
2557,4.4
2558,4.3
2559,3.2
2560,3.6
2561,3.9
2562,3.9
2563,4.4
2564,4.4
2565,4.4
2566,3.3
2567,4.2
2568,4.4
2569,4.4
2570,4.4
2571,3.3
2572,4.3
2573,4.3
2574,4.4
2575,4.2
2576,3.3
2577,4.4
2578,4.3
2579,4.1
2580,3.3
2581,3.3
2582,3.9
2583,3.3
2584,3.6
2585,4.2
2586,4.4
2587,4.3
2588,4.4
2589,3.3
2590,4.4
2591,4.4
2592,4.3
2593,4.3
2594,4.2
2595,4.3
2596,4.4
2597,4.3
2598,4.4
2599,4.2
2600,4.4
2601,4.4
2602,4.3
2603,3.9
2604,3.9
2605,4.4
2606,4.3
2607,4.3
2608,4.4
2609,3.9
2610,4.3
2611,4.3
2612,3.6
2613,4.3
2614,4.4
2615,3.9
2616,4.3
2617,3.6
2618,4.4
2619,4.4
2620,4.4
2621,4.3
2622,4.2
2623,4.4
2624,4.3
2625,4.2
2626,4.3
2627,4.4
2628,4.3
2629,4.3
2630,4.4
2631,3.8
2632,4.4
2633,3
2634,3.7
2635,4.4
2636,4.1
2637,4.3
2638,4.2
2639,4.3
2640,4.3
2641,3.3
2642,4.2
2643,4.4
2644,4
2645,4.6
2646,4.4
2647,4.3
2648,4.2
2649,4.3
2650,4.6
2651,4.3
2652,4.2
2653,4.3
2654,4.3
2655,4.4
2656,4.3
2657,4.3
2658,3.9
2659,4.2
2660,4.4
2661,3
2662,3
2663,4.4
2664,4.4
2665,3.3
2666,4.4
2667,4.3
2668,3.3
2669,4.1
2670,3.9
2671,4.4
2672,4.4
2673,4.4
2674,3.3
2675,4.4
2676,4.3
2677,4.3
2678,4.4
2679,4.4
2680,4.3
2681,4.3
2682,3.3
2683,4.4
2684,4.1
2685,4.4
2686,4.3
2687,4.4
2688,4.2
2689,4.4
2690,4.7
2691,4.3
2692,4.3
2693,4.4
2694,4.2
2695,4
2696,3
2697,4.3
2698,3.9
2699,4.3
2700,4.4
2701,4.2
2702,4.6
2703,4.4
2704,4.4
2705,4.2
2706,4.3
2707,4.4
2708,4.3
2709,3.3
2710,4.3
2711,4.3
2712,4.6
2713,3.2
2714,4.2
2715,4.3
2716,4.3
2717,3
2718,4.4
2719,4.3
2720,4.4
2721,4.3
2722,4.3
2723,4.2
2724,4.2
2725,4.3
2726,4.4
2727,3.3
2728,4.4
2729,4.3
2730,4.4
2731,4.3
2732,4.3
2733,4.2
2734,4.4
2735,4.3
2736,4.4
2737,4.4
2738,4.4
2739,3.8
2740,4.3
2741,4.5
2742,4.3
2743,4.3
2744,3.9
2745,3.3
2746,4.4
2747,4.4
2748,4.4
2749,4.3
2750,4.4
2751,4.3
2752,4.3
2753,4.2
2754,4.7
2755,4.5
2756,4.1
2757,4.4
2758,4.3
2759,3.2
2760,3.6
2761,4.4
2762,4.3
2763,4.4
2764,4.3
2765,4.3
2766,4.3
2767,4.3
2768,4.3
2769,3.9
2770,4.3
2771,4.3
2772,4.4
2773,4.4
2774,4.3
2775,4.3
2776,4.2
2777,4.2
2778,4.4
2779,3.2
2780,3
2781,4.2
2782,4.3
2783,4
2784,3.9
2785,4.4
2786,4
2787,4.3
2788,3.9
2789,3.9
2790,4.3
2791,4.6
2792,3.6
2793,4.2
2794,3.9
2795,3.3
2796,4.8
2797,4.4
2798,4.4
2799,4.3
2800,4.3
2801,4.4
2802,3
2803,4.2
2804,4.3
2805,4.4
2806,4.4
2807,4.4
2808,4.4
2809,4.4
2810,4.3
2811,4.2
2812,4.4
2813,4.3
2814,4.4
2815,4.3
2816,4.4
2817,4.4
2818,4.4
2819,4.3
2820,4.1
2821,3.3
2822,4.2
2823,3
2824,4.2
2825,3
2826,4.4
2827,4.6
2828,3.6
2829,4.3
2830,4.2
2831,4.4
2832,4.4
2833,4.4
2834,4.3
2835,3.7
2836,3.9
2837,3.8
2838,3.6
2839,4.1
2840,4.3
2841,4.4
2842,4.1
2843,4.4
2844,4.6
2845,4.4
2846,4.3
2847,4.7
2848,4.4
2849,3.2
2850,4.3
2851,3.8
2852,4.4
2853,4.1
2854,4
2855,3.9
2856,4.4
2857,4.2
2858,4.5
2859,4.3
2860,4.4
2861,4.5
2862,4.3
2863,4.3
2864,3.6
2865,4.2
2866,4.4
2867,4.2
2868,4.4
2869,4.3
2870,3
2871,4.3
2872,4.2
2873,4.2
2874,3.3
2875,4.4
2876,4.3
2877,4.4
2878,3.6
2879,3.6
2880,4.4
2881,4.2
2882,4.3
2883,4.3
2884,4.3
2885,4.2
2886,3
2887,3.9
2888,4.3
2889,4.3
2890,4.4
2891,4.4
2892,4.4
2893,4.2
2894,4.3
2895,4.4
2896,4.1
2897,3.9
2898,4.3
2899,4.4
2900,4.4
2901,3.6
2902,4.3
2903,4.2
2904,4.3
2905,3
2906,4.4
2907,4.4
2908,4.3
2909,3.6
2910,4.7
2911,3.9
2912,4.3
2913,3.6
2914,4.3
2915,3.3
2916,3.6
2917,4.4
2918,3
2919,3
2920,4.4
2921,4.2
2922,4.4
2923,4.3
2924,3.3
2925,4.3
2926,3.3
2927,3.3
2928,4.3
2929,4.4
2930,4.3
2931,3
2932,3.9
2933,3
2934,4.4
2935,4
2936,4.4
2937,4.3
2938,4.3
2939,4.3
2940,4
2941,4.2
2942,4.4
2943,4.4
2944,4.2
2945,4.3
2946,4.4
2947,4.3
2948,4.4
2949,4.3
2950,4.3
2951,4.3
2952,3.3
2953,4.4
2954,4.2
2955,3.3
2956,3.3
2957,4.4
2958,4.4
2959,4.3
2960,4.4
2961,4.4
2962,4.5
2963,4.3
2964,4.4
2965,4.6
2966,4.4
2967,3.9
2968,4.2
2969,4.3
2970,4.3
2971,4.4
2972,4.4
2973,4.4
2974,4.4
2975,4.3
2976,3.3
2977,4.3
2978,4.3
2979,4.4
2980,4.3
2981,4.1
2982,4.3
2983,4.6
2984,4.6
2985,4.4
2986,4.3
2987,4.3
2988,3
2989,4.4
2990,3.9
2991,4.6
2992,4.3
2993,3
2994,4.4
2995,3.9
2996,3.6
2997,4.3
2998,4.6
2999,3.3
3000,4.5
3001,4.1
3002,4.3
3003,3
3004,4.2
3005,4.1
3006,4.3
3007,4.3
3008,3.6
3009,4.3
3010,4.1
3011,3.6
3012,4.2
3013,4.4
3014,4.2
3015,4.4
3016,3.8
3017,4.3
3018,4.6
3019,4.3
3020,4.3
3021,4.2
3022,4.3
3023,4.2
3024,4.3
3025,4.2
3026,3.9
3027,4.3
3028,4.3
3029,4.4
3030,4.4
3031,4.4
3032,4.4
3033,4.1
3034,4.3
3035,4.4
3036,4.4
3037,4.6
3038,3.9
3039,3.8
3040,4.4
3041,3.6
3042,4.3
3043,3.8
3044,4.4
3045,4.4
3046,3.9
3047,4.3
3048,3.3
3049,3.6
3050,3.7
3051,4
3052,4.3
3053,3.6
3054,4.3
3055,4.4
3056,3.2
3057,4.4
3058,4.6
3059,4.4
3060,4.3
3061,4.2
3062,3.9
3063,4.3
3064,4.3
3065,4.2
3066,4.4
3067,4.1
3068,3
3069,4.3
3070,4.5
3071,4
3072,4.4
3073,4.2
3074,3.8
3075,3
3076,4.2
3077,4.2
3078,4.3
3079,3.9
3080,3.9
3081,4.4
3082,4.3
3083,4.3
3084,4.4
3085,4.4
3086,4.3
3087,4.1
3088,4.4
3089,4.2
3090,4.3
3091,4.6
3092,4.4
3093,3.3
3094,4.1
3095,3.3
3096,4.4
3097,4
3098,3.3
3099,4.4
3100,4.2
3101,3
3102,4.4
3103,4.4
3104,4.3
3105,4.3
3106,3.3
3107,4.4
3108,3.9
3109,4.4
3110,4.5
3111,4.3
3112,3.8
3113,4.3
3114,4.3
3115,4.3
3116,4.4
3117,4.4
3118,4.3
3119,4.4
3120,4.4
3121,4.3
3122,3
3123,4.5
3124,4.4
3125,4.3
3126,4.3
3127,4.3
3128,4.3
3129,4.6
3130,4.3
3131,4.3
3132,4.2
3133,4.4
3134,4.4
3135,3.3
3136,4.3
3137,4.3
3138,4.4
3139,4.2
3140,4.4
3141,4.3
3142,4.4
3143,4.3
3144,3.2
3145,4.3
3146,3.6
3147,4.6
3148,3.9
3149,4.3
3150,4.4
3151,4.3
3152,4.2
3153,4.3
3154,4.3
3155,4.3
3156,4.4
3157,3.9
3158,4.3
3159,3.6
3160,3.8
3161,4.2
3162,4.4
3163,4.4
3164,4.2
3165,4
3166,4.4
3167,4.3
3168,4.4
3169,4.2
3170,4.4
3171,4.2
3172,3.7
3173,4.2
3174,3.6
3175,4.3
3176,3.6
3177,4.2
3178,4.2
3179,3.3
3180,4.4
3181,4.4
3182,4.2
3183,3.9
3184,3
3185,3.9
3186,4.4
3187,4.4
3188,4.6
3189,3.2
3190,4.5
3191,4.4
3192,4.3
3193,4.3
3194,4.2
3195,4.4
3196,4.2
3197,4.4
3198,3.3
3199,3.3
3200,3.3
3201,4.2
3202,4.4
3203,4.6
3204,4.4
3205,4.4
3206,4.3
3207,4.3
3208,4.2
3209,4.3
3210,4.2
3211,4.1
3212,4.3
3213,3.3
3214,4.2
3215,4.2
3216,4.4
3217,4.3
3218,4.4
3219,4.4
3220,4.3
3221,4.2
3222,4.4
3223,4.4
3224,3
3225,4.6
3226,4.3
3227,3.8
3228,3.6
3229,4.2
3230,4.4
3231,4.3
3232,4.3
3233,4.3
3234,4.3
3235,4.3
3236,4.3
3237,4.3
3238,4.3
3239,4.2
3240,4.3
3241,3.3
3242,4.3
3243,4.1
3244,4.2
3245,4.1
3246,3.3
3247,4.4
3248,4.6
3249,4.4
3250,3.3
3251,4.3
3252,3.8
3253,4.3
3254,4.3
3255,3.3
3256,4.4
3257,4.3
3258,4.3
3259,4.4
3260,3.3
3261,4.2
3262,4.3
3263,4.4
3264,3.3
3265,4.3
3266,4.4
3267,4.3
3268,4.3
3269,4.3
3270,3
3271,4.1
3272,3.3
3273,4.2
3274,4.3
3275,4.6
3276,4.2
3277,4.4
3278,4.3
3279,4.4
3280,4.3
3281,3.9
3282,4.4
3283,4.3
3284,4.4
3285,4.3
3286,3.3
3287,4.4
3288,4.4
3289,4.4
3290,4.4
3291,4.3
3292,4.3
3293,4.2
3294,3.6
3295,3.2
3296,4.4
3297,4.3
3298,4.1
3299,4.4
3300,4.4
3301,3
3302,4.6
3303,4.3
3304,4.2
3305,4.6
3306,4.5
3307,4.5
3308,4.4
3309,4.2
3310,3.9
3311,4.4
3312,4.4
3313,4.3
3314,4.3
3315,3
3316,4.3
3317,4.2
3318,4.3
3319,4.2
3320,4.3
3321,4.4
3322,4.3
3323,4.3
3324,4.3
3325,4.3
3326,3.2
3327,4.3
3328,4.2
3329,4.2
3330,4.3
3331,4.4
3332,4.3
3333,4.2
3334,4.3
3335,4.4
3336,4.4
3337,3.3
3338,4.4
3339,4.4
3340,4.4
3341,4.4
3342,4.3
3343,4.4
3344,4.3
3345,4.4
3346,4.4
3347,4.3
3348,4.3
3349,4.4
3350,3.9
3351,4.3
3352,5
3353,4.3
3354,3.3
3355,4.2
3356,3.3
3357,3.9
3358,4.4
3359,4.4
3360,4.3
3361,4.2
3362,3.6
3363,4.5
3364,4.4
3365,4.3
3366,4.4
3367,4.2
3368,4.5
3369,4.4
3370,4.3
3371,4.2
3372,4.3
3373,4.4
3374,4.4
3375,4.4
3376,4.4
3377,4.4
3378,4.4
3379,4.3
3380,4.4
3381,4.4
3382,4.4
3383,4.5
3384,4.4
3385,4.4
3386,4.4
3387,4.3
3388,4.2
3389,4.3
3390,4.4
3391,4.3
3392,3
3393,3
3394,4.1
3395,4.4
3396,4.3
3397,4.4
3398,4.4
3399,4.4
3400,4.5
3401,4.3
3402,3.8
3403,4.6
3404,4.4
3405,3.9
3406,3.3
3407,4.3
3408,3.6
3409,4.2
3410,4.6
3411,4.3
3412,4.4
3413,4.3
3414,4.4
3415,4.3
3416,3.3
3417,4.5
3418,4.5
3419,3
3420,4.4
3421,3.3
3422,3.2
3423,4.3
3424,4.3
3425,4.3
3426,4.3
3427,4.2
3428,4.3
3429,4.3
3430,4.3
3431,4.4
3432,4.2
3433,4.5
3434,4.4
3435,4.4
3436,4.4
3437,4.4
3438,4.4
3439,3.3
3440,4.2
3441,4.4
3442,4.2
3443,4.2
3444,4.3
3445,4.5
3446,3
3447,4.4
3448,4.3
3449,3
3450,3.8
3451,4.4
3452,4.4
3453,4.3
3454,4.2
3455,4.2
3456,4.2
3457,4.3
3458,4.4
3459,3.6
3460,3.2
3461,4.2
3462,4.3
3463,4.4
3464,3.6
3465,4.4
3466,4.4
3467,4.3
3468,4.3
3469,3.3
3470,4.5
3471,4.4
3472,4.1
3473,4.4
3474,3.7
3475,4.4
3476,4.3
3477,4.3
3478,4.4
3479,4.4
3480,3
3481,4.4
3482,4.2
3483,4.2
3484,3.6
3485,3.9
3486,4.3
3487,4.3
3488,4.3
3489,4.3
3490,4.3
3491,4.3
3492,3.8
3493,4.3
3494,4.3
3495,4.4
3496,4.4
3497,4.4
3498,3.6
3499,4.3
3500,4.3
3501,4.4
3502,4.2
3503,4
3504,3.3
3505,4.3
3506,3
3507,3
3508,4.6
3509,4.3
3510,3.8
3511,3.6
3512,4.4
3513,4.3
3514,4.4
3515,4.4
3516,4.4
3517,4.3
3518,4.4
3519,3.6
3520,4.4
3521,4.3
3522,4.3
3523,4.4
3524,4.3
3525,3
3526,4.3
3527,4.4
3528,3.6
3529,4.3
3530,4.4
3531,4.3
3532,4.2
3533,3.3
3534,4.3
3535,4.3
3536,3.9
3537,4.4
3538,4.3
3539,4.4
3540,4.3
3541,4.4
3542,4.4
3543,4.2
3544,3.9
3545,4.4
3546,4.2
3547,4.3
3548,4.3
3549,4.3
3550,4.3
3551,4.3
3552,4.3
3553,4.3
3554,4.3
3555,4.4
3556,4.3
3557,3.9
3558,3.3
3559,4.4
3560,4.3
3561,3.6
3562,4.3
3563,4.4
3564,4.3
3565,4.2
3566,3.6
3567,3.9
3568,3
3569,4.3
3570,4.3
3571,3.8
3572,4.3
3573,3.8
3574,4.3
3575,4.2
3576,4.4
3577,4.3
3578,4.2
3579,3.3
3580,4.4
3581,4.3
3582,4.4
3583,3
3584,3.3
3585,4.3
3586,3.2
3587,4.1
3588,4.4
3589,3.9
3590,4.2
3591,4.4
3592,3.3
3593,3
3594,4.3
3595,4.5
3596,4.2
3597,4.3
3598,4.3
3599,3
3600,4.4
3601,4.3
3602,3.6
3603,4.3
3604,3.3
3605,4.4
3606,4.2
3607,4.4
3608,4.3
3609,3
3610,4.3
3611,4.4
3612,4.3
3613,3.8
3614,3.9
3615,4.2
3616,4.3
3617,4.3
3618,4.2
3619,4.3
3620,4.4
3621,4.3
3622,4.4
3623,4.3
3624,4.3
3625,3.6
3626,4.3
3627,3.3
3628,4.1
3629,4.4
3630,4.3
3631,3
3632,4.4
3633,4.4
3634,3.9
3635,4.3
3636,4.2
3637,4.4
3638,4.3
3639,3.2
3640,4.3
3641,4.4
3642,3.3
3643,3
3644,4.1
3645,4.4
3646,4.3
3647,4.1
3648,4.4
3649,3.3
3650,4.4
3651,3
3652,3.9
3653,3.6
3654,4.3
3655,4.4
3656,4.3
3657,4.3
3658,4.2
3659,4.2
3660,4.3
3661,4.3
3662,3.9
3663,4.3
3664,3
3665,4.2
3666,4.4
3667,3.3
3668,4.4
3669,3.9
3670,4.1
3671,4.6
3672,4.2
3673,4.4
3674,3.9
3675,4.3
3676,4.3
3677,3.6
3678,4.3
3679,4.2
3680,4.4
3681,4.3
3682,3.3
3683,4.3
3684,4.4
3685,4.3
3686,3.3
3687,3.6
3688,4.4
3689,4.3
3690,4.3
3691,3.3
3692,4.3
3693,4.4
3694,4.4
3695,3.6
3696,3.9
3697,4.5
3698,4.3
3699,3.3
3700,3.9
3701,4.2
3702,3.3
3703,4.2
3704,4.4
3705,4.4
3706,4.1
3707,4.3
3708,4.4
3709,4.3
3710,4.1
3711,4.4
3712,3.9
3713,4.3
3714,3.6
3715,4.4
3716,3.3
3717,4.3
3718,4.2
3719,4.3
3720,4.4
3721,4.3
3722,4.1
3723,4.3
3724,4.3
3725,4.4
3726,4.3
3727,4.5
3728,4.3
3729,4.3
3730,4.4
3731,4.3
3732,4.2
3733,4.3
3734,4.5
3735,4.3
3736,4.4
3737,4.4
3738,4.3
3739,4.4
3740,3.7
3741,4.4
3742,3.3
3743,3.2
3744,4.4
3745,4.3
3746,4.4
3747,4.4
3748,3.6
3749,4.3
3750,4.2
3751,4.4
3752,4.4
3753,4.4
3754,4.3
3755,4.6
3756,3.9
3757,3
3758,4.2
3759,3.3
3760,3.9
3761,3.5
3762,3.3
3763,3.3
3764,4.3
3765,4.4
3766,4.4
3767,3.9
3768,4.4
3769,4.4
3770,4.5
3771,4.4
3772,4.3
3773,3.9
3774,4.4
3775,4.3
3776,4.3
3777,4.2
3778,3.3
3779,4.3
3780,4.4
3781,4.4
3782,4.3
3783,4.1
3784,3.6
3785,4.3
3786,4.4
3787,4.2
3788,4.3
3789,4.4
3790,4.2
3791,4.4
3792,4.4
3793,3.3
3794,4.3
3795,4.3
3796,4.4
3797,3.6
3798,4.3
3799,4.2
3800,4.2
3801,4.2
3802,4.4
3803,3.9
3804,4.3
3805,4.3
3806,4.4
3807,3.5
3808,3
3809,4.3
3810,4.4
3811,4.3
3812,3.9
3813,4.3
3814,4.6
3815,3.3
3816,4.2
3817,4.3
3818,4.3
3819,4.3
3820,4.2
3821,4.3
3822,4.3
3823,4.2
3824,4.4
3825,4.2
3826,4.3
3827,4.3
3828,4.2
3829,4.3
3830,4.4
3831,3.6
3832,4.2
3833,4.4
3834,3.9
3835,3
3836,3.9
3837,4.5
3838,4.4
3839,3.3
3840,4.6
3841,4.4
3842,4.6
3843,3.6
3844,3
3845,4.4
3846,4.3
3847,4.6
3848,4.3
3849,3
3850,4.2
3851,3.3
3852,4.4
3853,4.4
3854,4.4
3855,3.9
3856,3.9
3857,3.9
3858,4.3
3859,4.2
3860,4.1
3861,4.1
3862,4.4
3863,3.3
3864,4.1
3865,4.2
3866,4.3
3867,3.3
3868,4.2
3869,4.3
3870,4.2
3871,4.3
3872,4.4
3873,4.4
3874,4.4
3875,4.3
3876,4.3
3877,4.1
3878,3.6
3879,4.4
3880,4.2
3881,4.2
3882,4.4
3883,4.4
3884,4.2
3885,4.2
3886,4.3
3887,4.3
3888,4.1
3889,4.1
3890,4.4
3891,3.9
3892,4.3
3893,3.9
3894,4.4
3895,4.2
3896,4.2
3897,4.2
3898,4.4
3899,4.2
3900,4.3
3901,3.2
3902,4.3
3903,4.4
3904,4.4
3905,3.6
3906,4.2
3907,4.4
3908,3
3909,4.4
3910,4.4
3911,3.5
3912,4.3
3913,4.4
3914,4.4
3915,4.4
3916,4.4
3917,4.2
3918,4.3
3919,3.6
3920,4.3
3921,3.9
3922,4.1
3923,4.2
3924,4
3925,4
3926,4
3927,4
3928,4
3929,4
3930,4
3931,4
3932,4
3933,4
3934,4
3935,4
3936,4
3937,4
3938,4
3939,4
3940,4
3941,4
3942,4
3943,4
3944,4
3945,4
3946,4
3947,4
3948,4.4
3949,4.4
3950,3.6
3951,4.4
3952,3.6
